pais;anio;motivo;imagen;descripcion-moneda;fecha-emision;volumen;observaciones;;;
Alemania;2002;1€ Cara Nacional;;En las monedas de 1€ y 2€ aparece un águila, símbolo tradicional de la soberanía alemana, rodeada por las estrellas que constituyen el símbolo de Europa. Los autores de este diseño son Heinz y Sneschana Russewa-Hoyer.;01 de enero de 2002;Indefinido;En las monedas de 1€ y 2€ aparece un águila, símbolo tradicional de la soberanía alemana, rodeada por las estrellas que constituyen el símbolo de Europa. Los autores de este diseño son Heinz y Sneschana Russewa-Hoyer.;;;
Alemania;2002;2€ Cara Nacional;;Las monedas de 1€ y 2€ están presididas por un águila, símbolo tradicional de la soberanía alemana, rodeada de las estrellas que constituyen el símbolo de Europa. Los autores de este diseño son Heinz y Sneschana Russewa-Hoyer. Grabado del canto (virola) de la moneda de 2€: «EINIGKEIT UND RECHT UND FREIHEIT» (unidad, justicia y libertad) y el emblema del águila federal.;01 de enero de 2002;Indefinido;Las monedas de 1€ y 2€ están presididas por un águila, símbolo tradicional de la soberanía alemana, rodeada de las estrellas que constituyen el símbolo de Europa. Los autores de este diseño son Heinz y Sneschana Russewa-Hoyer. Grabado del canto (virola) de la moneda de 2€: «EINIGKEIT UND RECHT UND FREIHEIT» (unidad, justicia y libertad) y el emblema del águila federal.;;;
Andorra;2014;1€ Cara Nacional;;En la moneda de 1€ aparece representada la Casa de la Vall, antigua sede del parlamento, edificio de interés cultural y artístico.;01 de enero de 2014;Indefinido;En virtud del Acuerdo Monetario suscrito con la Unión Europea el 30 de junio de 2011, Andorra puede utilizar el euro como moneda oficial y emitir sus propias monedas en euros. En todas las monedas figuran las doce estrellas de la bandera europea.;;;
Andorra;2014;2€ Cara Nacional;;La moneda de 2€ muestra el escudo de armas de Andorra, cuyo lema es «virtus unita fortior» (la virtud unida es más fuerte). Grabado del canto (virola) de la moneda de 2€: «2**», repetido seis veces.;01 de enero de 2014;Indefinido;En virtud del Acuerdo Monetario suscrito con la Unión Europea el 30 de junio de 2011, Andorra puede utilizar el euro como moneda oficial y emitir sus propias monedas en euros. En todas las monedas figuran las doce estrellas de la bandera europea.;;;
Austria;2002;1€ Cara Nacional;;La moneda de 1€ exhibe el retrato del famoso compositor austríaco Wolfgang Amadeus Mozart en referencia a la reputación de Austria como país de la música.;01 de enero de 2002;Indefinido;Austria decidió acuñar una serie completa de monedas con motivos florales, arquitectónicos y personajes famosos de su historia. Los diseños fueron elegidos por una comisión nacional y se sometieron a la aprobación pública mediante sondeos de opinión. El autor de los diseños es el artista austríaco Josef Kaiser.;;;
Austria;2002;2€ Cara Nacional;;La moneda de 2€ está dedicada a la militante pacifista Bertha von Suttner, símbolo de los esfuerzos desplegados por Austria durante décadas para apoyar la causa de la paz. Grabado del canto (virola) de la moneda de 2€: «2 EURO***», repetido cuatro veces y orientado alternativamente de abajo arriba y de arriba abajo.;01 de enero de 2002;Indefinido;Austria decidió acuñar una serie completa de monedas con motivos florales, arquitectónicos y personajes famosos de su historia. Los diseños fueron elegidos por una comisión nacional y se sometieron a la aprobación pública mediante sondeos de opinión. El autor de los diseños es el artista austríaco Josef Kaiser.;;;
Bélgica;2002;1€ Cara Nacional;;La primera serie reproduce, en el centro de la moneda, la efigie del rey Alberto II y, en el anillo exterior, el anagrama real, consistente en una «A» mayúscula rematada por una corona, las doce estrellas que simbolizan Europa y el año de emisión.;01 de enero de 2002;Indefinido;El diseño de las monedas en euros de Bélgica es obra de Jan Alfons Keustermans, director de la Academia Municipal de Bellas Artes de Turnhout. Hay tres series de monedas en circulación. Todas tienen curso legal.;;;
Bélgica;2002;2€ Cara Nacional;;"La primera serie reproduce, en el centro de la moneda, la efigie del rey Alberto II y, en el anillo exterior, el anagrama real, consistente en una «A» mayúscula rematada por una corona, las doce estrellas que simbolizan Europa y el año de emisión.
Grabado del canto (virola) de la moneda de 2€: «2**», repetido seis veces y orientado alternativamente de abajo arriba y de arriba abajo.";01 de enero de 2002;Indefinido;El diseño de las monedas en euros de Bélgica es obra de Jan Alfons Keustermans, director de la Academia Municipal de Bellas Artes de Turnhout. Hay tres series de monedas en circulación. Todas tienen curso legal.;;;
Bélgica;2008;1€ Cara Nacional;;En 2008, Bélgica modificó ligeramente el diseño a fin de cumplir las orientaciones de la Comisión Europea. Las monedas de la segunda serie también reproducen la efigie del rey Alberto II, pero el anagrama real y el año de emisión figuran en el centro de la moneda, así como las marcas de la Fábrica de la Moneda y el código de país correspondiente a Bélgica («BE»).;01 de enero de 2008;Indefinido;El diseño de las monedas en euros de Bélgica es obra de Jan Alfons Keustermans, director de la Academia Municipal de Bellas Artes de Turnhout. Hay tres series de monedas en circulación. Todas tienen curso legal.;;;
Bélgica;2008;2€ Cara Nacional;;"Las monedas de la segunda serie también reproducen la efigie del rey Alberto II, pero el anagrama real y el año de emisión figuran en el centro de la moneda, así como las marcas de la Fábrica de la Moneda y el código de país correspondiente a Bélgica («BE»).
Grabado del canto (virola) de la moneda de 2€: «2**», repetido seis veces y orientado alternativamente de abajo arriba y de arriba abajo.";01 de enero de 2008;Indefinido;El diseño de las monedas en euros de Bélgica es obra de Jan Alfons Keustermans, director de la Academia Municipal de Bellas Artes de Turnhout. Hay tres series de monedas en circulación. Todas tienen curso legal.;;;
Bélgica;2009;1€ Cara Nacional;;En esta serie se recupera el retrato de Alberto II empleado entre 1999 y 2007, pero se mantiene la disposición introducida en 2008, con el código «BE», el año, el monograma y las marcas de ceca en la parte interior.;01 de enero de 2009;Indefinido;"Los diseños con Alberto II parten de la obra de Jan Alfons Keustermans. 
Por qué se separan 2008 y 2009-2013: aunque el Banco Central Europeo integra ambas versiones dentro de su segunda serie, la diferencia no se limita a una marca o a la posición de las inscripciones. En 2008 se alteró visiblemente la efigie de Alberto II y en 2009 se recuperó el retrato anterior; por ese motivo ocupan dos lugares diferentes";;;
Bélgica;2009;2€ Cara Nacional;;En esta serie se recupera el retrato de Alberto II empleado entre 1999 y 2007, pero se mantiene la disposición introducida en 2008, con el código «BE», el año, el monograma y las marcas de ceca en la parte interior.;01 de enero de 2009;Indefinido;"Los diseños con Alberto II parten de la obra de Jan Alfons Keustermans. 
Por qué se separan 2008 y 2009-2013: aunque el Banco Central Europeo integra ambas versiones dentro de su segunda serie, la diferencia no se limita a una marca o a la posición de las inscripciones. En 2008 se alteró visiblemente la efigie de Alberto II y en 2009 se recuperó el retrato anterior; por ese motivo ocupan dos lugares diferentes";;;
Bélgica;2014;1€ Cara Nacional;;En 2014, Bélgica introdujo la tercera serie de monedas en euros, en las que se muestra la imagen del rey Felipe, su anagrama real «FP», y el código de país, «BE», correspondiente a Bélgica. Las marcas de la Fábrica de la Moneda figuran a ambos lados del año de emisión.;01 de enero de 2014;Indefinido; La cara nacional de Felipe fue diseñada por Luc Luycx.;;;
Bélgica;2014;2€ Cara Nacional;;"En 2014, Bélgica introdujo la tercera serie de monedas en euros, en las que se muestra la imagen del rey Felipe, su anagrama real «FP», y el código de país, «BE», correspondiente a Bélgica. Las marcas de la Fábrica de la Moneda figuran a ambos lados del año de emisión.
Grabado del canto (virola) de la moneda de 2€: «2**», repetido seis veces y orientado alternativamente de abajo arriba y de arriba abajo.";01 de enero de 2014;Indefinido; La cara nacional de Felipe fue diseñada por Luc Luycx.;;;
Bulgaria;2026;1€ Cara Nacional;;La moneda de 1€ muestra a Ivan de Rila, patrón de Bulgaria y fundador del monasterio de Rila, sujetando una cruz y un pergamino. El diseño incluye el año de emisión, el nombre del país en búlgaro («????????») y la palabra «EURO» («????») en alfabeto cirílico.;01 de enero de 2026;Indefinido;;;;
Bulgaria;2026;2€ Cara Nacional;;"La moneda de 2€ muestra un retrato de San Paisius de Hilendar, figura clave del renacimiento nacional búlgaro y autor de Istoriya Slavyanobolgarskaya (Historia eslavo-búlgara). El diseño incluye el año de emisión, el nombre del país en búlgaro («????????») y la palabra «EURO» («????») en alfabeto cirílico.
La inscripción «???? ???? ????????» («DIOS PROTEJA A BULGARIA») figura dos veces en el canto (virola) de la moneda, orientada de abajo arriba y de arriba abajo.";01 de enero de 2026;Indefinido;Las primeras monedas euro con el reverso búlgaro ya han sido acuñadas en 2025 —en parte en la Casa de Moneda de Bulgaria y en parte en la Mint de Eslovaquia— llevarán el código país “BG” y son las primeras en incorporar el alfabeto cirílico en sus inscripciones (por ejemplo, la palabra “euro” figura también en búlgaro: “????”). Se espera incluso que aparezcan pronto ediciones conmemorativas especiales, dada la importancia histórica de este cambio monetario.;;;
Chipre;2008;1€ Cara Nacional;;En las monedas de 1€ y 2€ figura un ídolo cruciforme del período calcolítico (3000 a. de C.). Esta muestra característica del arte prehistórico de la isla es un testimonio de las antiguas raíces y de la posición central de Chipre en el desarrollo de la civilización.;01 de enero de 2008;Indefinido;;;;
Chipre;2008;2€ Cara Nacional;;En las monedas de 1€ y 2€ figura un ídolo cruciforme del período calcolítico (3000 a. de C.). Esta muestra característica del arte prehistórico de la isla es un testimonio de las antiguas raíces y de la posición central de Chipre en el desarrollo de la civilización.;01 de enero de 2008;Indefinido;;;;
Ciudad del Vaticano;2002;1€ Cara Nacional;;"La primera serie, que muestra la imagen del papa Juan Pablo II, se emitió entre 2002 y 2005.
En las monedas aparecen las doce estrellas de la bandera europea, la inscripción «CITTÀ DEL VATICANO», el año de emisión y la marca de la Fábrica de la Moneda («R»).";01 de enero de 2002;Indefinido;;;;
Ciudad del Vaticano;2005;2€ Cara Nacional;;"La primera serie, que muestra la imagen del papa Juan Pablo II, se emitió entre 2002 y 2005.
En las monedas aparecen las doce estrellas de la bandera europea, la inscripción «CITTÀ DEL VATICANO», el año de emisión y la marca de la Fábrica de la Moneda («R»). 
Grabado del canto (virola) de la moneda de 2€: «2*», repetido seis veces y orientado alternativamente de abajo arriba y de arriba abajo.";01 de enero de 2002;Indefinido;;;;
Ciudad del Vaticano;2005;1€ Cara Nacional;;"La segunda serie, emitida entre junio de 2005 y marzo de 2006, muestra el escudo de armas del Cardenal Camarlengo, jefe de Estado interino del Estado de la Ciudad del Vaticano, superpuesto sobre el emblema de la Cámara Apostólica en el centro de la moneda. La leyenda «SEDE VACANTE» y el año de emisión, expresado en números romanos («MMV»), forman una semicircunferencia sobre la parte superior del diseño. La inicial y el apellido del diseñador («D. LONGO») aparecen en el borde inferior izquierdo de la parte central, mientras que las iniciales del grabador respectivo figuran en el borde inferior derecho de la parte central: «MAC inc» (en las monedas de 1 y 20 céntimos), «LDS inc» (en las de 2 y 50 céntimos), «ELF inc» (en las de 5 céntimos y 1 euro) y «MCC inc» (en las de 10 céntimos y 2 euros).
En las monedas aparecen las doce estrellas de la bandera europea, la inscripción «CITTÀ DEL VATICANO», el año de emisión y la marca de la Fábrica de la Moneda («R»).";01 de junio de 2005;Indefinido;;;;
Ciudad del Vaticano;2005;2€ Cara Nacional;;"La segunda serie, emitida entre junio de 2005 y marzo de 2006, muestra el escudo de armas del Cardenal Camarlengo, jefe de Estado interino del Estado de la Ciudad del Vaticano, superpuesto sobre el emblema de la Cámara Apostólica en el centro de la moneda. La leyenda «SEDE VACANTE» y el año de emisión, expresado en números romanos («MMV»), forman una semicircunferencia sobre la parte superior del diseño. La inicial y el apellido del diseñador («D. LONGO») aparecen en el borde inferior izquierdo de la parte central, mientras que las iniciales del grabador respectivo figuran en el borde inferior derecho de la parte central: «MAC inc» (en las monedas de 1 y 20 céntimos), «LDS inc» (en las de 2 y 50 céntimos), «ELF inc» (en las de 5 céntimos y 1 euro) y «MCC inc» (en las de 10 céntimos y 2 euros).
En las monedas aparecen las doce estrellas de la bandera europea, la inscripción «CITTÀ DEL VATICANO», el año de emisión y la marca de la Fábrica de la Moneda («R»).
Grabado del canto (virola) de la moneda de 2€: «2*», repetido seis veces y orientado alternativamente de abajo arriba y de arriba abajo.";01 de junio de 2005;Indefinido;;;;
Ciudad del Vaticano;2006;1€ Cara Nacional;;"La tercera serie, emitida entre abril de 2006 y diciembre de 2013, muestra la efigie del papa Benedicto XVI. A la izquierda figuran las iniciales del diseñador («DL»).
En las monedas aparecen las doce estrellas de la bandera europea, la inscripción «CITTÀ DEL VATICANO», el año de emisión y la marca de la Fábrica de la Moneda («R»).";01 de abril de 2006;Indefinido;;;;
Ciudad del Vaticano;2006;2€ Cara Nacional;;"La tercera serie, emitida entre abril de 2006 y diciembre de 2013, muestra la efigie del papa Benedicto XVI. A la izquierda figuran las iniciales del diseñador («DL»).
En las monedas aparecen las doce estrellas de la bandera europea, la inscripción «CITTÀ DEL VATICANO», el año de emisión y la marca de la Fábrica de la Moneda («R»).
Grabado del canto (virola) de la moneda de 2€: «2*», repetido seis veces y orientado alternativamente de abajo arriba y de arriba abajo.";01 de abril de 2006;Indefinido;;;;
Ciudad del Vaticano;2014;1€ Cara Nacional;;"La cuarta serie de monedas, emitidas por primera vez en enero de 2014, muestra la efigie del papa Francisco.
En las monedas aparecen las doce estrellas de la bandera europea, la inscripción «CITTÀ DEL VATICANO», el año de emisión y la marca de la Fábrica de la Moneda («R»).";01 de enero de 2014;Indefinido;;;;
Ciudad del Vaticano;2014;2€ Cara Nacional;;"La cuarta serie de monedas, emitidas por primera vez en enero de 2014, muestra la efigie del papa Francisco.
En las monedas aparecen las doce estrellas de la bandera europea, la inscripción «CITTÀ DEL VATICANO», el año de emisión y la marca de la Fábrica de la Moneda («R»). 
Grabado del canto (virola) de la moneda de 2€: «2*», repetido seis veces y orientado alternativamente de abajo arriba y de arriba abajo.";01 de enero de 2014;Indefinido;;;;
Ciudad del Vaticano;2017;1€ Cara Nacional;;"La quinta serie, que comenzó a emitirse en marzo de 2017, muestra el escudo de armas del Soberano del Estado de la Ciudad del Vaticano, el papa Francisco. 
En las monedas aparecen las doce estrellas de la bandera europea, la inscripción «CITTÀ DEL VATICANO», el año de emisión y la marca de la Fábrica de la Moneda («R»).";01 de marzo de 2017;Indefinido;;;;
Ciudad del Vaticano;2017;2€ Cara Nacional;;"La quinta serie, que comenzó a emitirse en marzo de 2017, muestra el escudo de armas del Soberano del Estado de la Ciudad del Vaticano, el papa Francisco. 
En las monedas aparecen las doce estrellas de la bandera europea, la inscripción «CITTÀ DEL VATICANO», el año de emisión y la marca de la Fábrica de la Moneda («R»). 
Grabado del canto (virola) de la moneda de 2€: «2*», repetido seis veces y orientado alternativamente de abajo arriba y de arriba abajo.";01 de marzo de 2017;Indefinido;;;;
Ciudad del Vaticano;2026;1€ Cara Nacional;;En la sexta serie aparece el retrato del papa León XIV, primera serie monetaria de su pontificado.;01 de enero de 2026;Indefinido;;;;
Ciudad del Vaticano;2026;2€ Cara Nacional;;En la sexta serie aparece el retrato de León XIV. La moneda integra también el lirio y el corazón ardiente atravesado por una flecha sobre un libro abierto, elementos de su escudo y de la espiritualidad agustiniana.;01 de enero de 2026;Indefinido;"La artista y escultora es Daniela Longo; el grabado de los 2 euros corresponde a Emanuele Ferretti.";;;
Croacia;2023;1€ Cara Nacional;;La moneda de 1€ muestra una marta con el damero croata de fondo y ha sido diseñada por Jagor Šunde, David ?emelji? y Fran Zekan. La marta es un pequeño mamífero que daba nombre a la antigua moneda del país, la kuna. El diseño incluye el año de emisión y la leyenda «HRVATSKA», nombre del país en croata.;01 de enero de 2023;Indefinido;;;;
Croacia;2023;2€ Cara Nacional;;"La moneda de 2€ muestra un mapa de Croacia con un damero de fondo. El diseño, obra de Ivan Šivak, incluye el año de emisión y la leyenda «HRVATSKA», nombre del país en croata.
Grabado del canto (virola) de la moneda de 2€: «O LIJEPA O DRAGA O SLATKA SLOBODO» («Oh hermosa, oh estimada, oh dulce libertad»), verso de la famosa obra de Ivan Gunduli?, «Dubravka».";01 de enero de 2023;Indefinido;;;;
Eslovaquia;2009;1€ Cara Nacional;;Las monedas de 1€ y 2€ muestran una cruz doble sobre tres colinas, el motivo del escudo nacional de Eslovaquia.;01 de enero de 2009;Indefinido;;;;
Eslovaquia;2009;2€ Cara Nacional;;Las monedas de 1€ y 2€ muestran una cruz doble sobre tres colinas, el motivo del escudo nacional de Eslovaquia.;01 de enero de 2009;Indefinido;;;;
Eslovenia;2007;1€ Cara Nacional;;En la moneda de 1€ aparece Primož Trubar, autor del primer libro impreso en lengua eslovena.;01 de enero de 2007;Indefinido;;;;
Eslovenia;2007;2€ Cara Nacional;;La moneda de 2€ reproduce el perfil del poeta France Prešeren y la leyenda «Shivé naj vsi naródi» (Dios bendiga a todas las naciones), verso de su poema «Zdravljica», incluido en la letra del himno nacional esloveno. Grabado del canto (virola) de la moneda de 2€: SLOVENIJA seguida de un punto grabado.;01 de enero de 2007;Indefinido;;;;
España;2002;1€ Cara Nacional;;Las monedas de la primera y segunda serie reproducen la efigie del rey Juan Carlos I de Borbón y Borbón.;01 de enero de 2002;Indefinido;;;;
España;2002;2€ Cara Nacional;;Las monedas de la primera y segunda serie reproducen la efigie del rey Juan Carlos I de Borbón y Borbón.;01 de enero de 2002;Indefinido;;;;
España;2010;1€ Cara Nacional;;"Las monedas de la primera y segunda serie reproducen la efigie del rey Juan Carlos I de Borbón y Borbón. 
Los diseños de la segunda serie fueron modificados ligeramente en 2010 para adaptarlos a las directrices comunes de la Comisión Europea. El año, por ejemplo, figura en la parte interior de la moneda.";01 de enero de 2010;Indefinido;;;;
España;2010;2€ Cara Nacional;;"Las monedas de la primera y segunda serie reproducen la efigie del rey Juan Carlos I de Borbón y Borbón. 
Los diseños de la segunda serie fueron modificados ligeramente en 2010 para adaptarlos a las directrices comunes de la Comisión Europea. El año, por ejemplo, figura en la parte interior de la moneda.";01 de enero de 2010;Indefinido;;;;
España;2015;1€ Cara Nacional;;En 2015, España introdujo una tercera serie de monedas de 1€ y 2€ en las que aparecen el actual rey Felipe VI y el código de país «ESPAÑA 2015». La marca de la Fábrica de la Moneda figura a la derecha de la efigie.;01 de enero de 2015;Indefinido;;;;
España;2015;2€ Cara Nacional;;En 2015, España introdujo una tercera serie de monedas de 1€ y 2€ en las que aparecen el actual rey Felipe VI y el código de país «ESPAÑA 2015». La marca de la Fábrica de la Moneda figura a la derecha de la efigie.;01 de enero de 2015;Indefinido;;;;
Estonia;2011;1€ Cara Nacional;;El diseño de la cara nacional de las monedas estonias es el mismo para todas las denominaciones: una imagen geográfica de Estonia y la inscripción «Eesti», que significa «Estonia».;01 de enero de 2011;Indefinido;;;;
Estonia;2011;2€ Cara Nacional;;El diseño de la cara nacional de las monedas estonias es el mismo para todas las denominaciones: una imagen geográfica de Estonia y la inscripción «Eesti», que significa «Estonia».;01 de enero de 2011;Indefinido;;;;
Finlandia;2002;1€ Cara Nacional;;La moneda de 1€ recoge el vuelo de una pareja de cisnes, obra del artista Pertti Mäkinen. Este motivo fue presentado en un concurso convocado para el diseño de una moneda conmemorativa del 80 aniversario de la independencia de Finlandia.;01 de enero de 2002;Indefinido;;;;
Finlandia;2002;2€ Cara Nacional;;"La moneda de 2€ muestra la flor y el fruto del rubus chameromus, diseñados por Raimo Heino. Grabado del canto (virola) de la moneda de 2€: SUOMI FINLAND * * *, en la que el símbolo""*"" representa una cabeza de león.";01 de enero de 2002;Indefinido;;;;
Francia;2002;1€ Cara Nacional;;El diseño seleccionado para la primera serie de monedas de 1€ y 2€ es obra del artista Joaquin Jimenez. Las monedas muestran un árbol, símbolo de la vida, la continuidad y el crecimiento, en el centro de un hexágono rodeado por el lema republicano francés «Liberté, Egalité, Fraternité» (libertad, igualdad, fraternidad).;01 de enero de 2002;Indefinido;;;;
Francia;2002;2€ Cara Nacional;;"El diseño seleccionado para la primera serie de monedas de 1€ y 2€ es obra del artista Joaquin Jimenez. Las monedas muestran un árbol, símbolo de la vida, la continuidad y el crecimiento, en el centro de un hexágono rodeado por el lema republicano francés «Liberté, Egalité, Fraternité» (libertad, igualdad, fraternidad). 
Grabado del canto (virola) de la moneda de 2€: «2**», repetido seis veces y orientado alternativamente de abajo arriba y de arriba abajo.";01 de enero de 2002;Indefinido;;;;
Francia;2022;1€ Cara Nacional;;En 2022, Francia introdujo la segunda serie de monedas de 1€ y 2€. El nuevo diseño reproduce ramas de roble y de olivo formando el árbol de la vida, símbolo de la fuerza, la solidez y la paz. El árbol y el lema figuran en un hexágono.;01 de enero de 2022;Indefinido;;;;
Francia;2022;2€ Cara Nacional;;"En 2022, Francia introdujo la segunda serie de monedas de 1€ y 2€. El nuevo diseño reproduce ramas de roble y de olivo formando el árbol de la vida, símbolo de la fuerza, la solidez y la paz. El árbol y el lema figuran en un hexágono. 
Grabado del canto (virola) de la moneda de 2€: «2**», repetido seis veces y orientado alternativamente de abajo arriba y de arriba abajo.";01 de enero de 2022;Indefinido;;;;
Grecia;2002;1€ Cara Nacional;;La moneda de 1€ muestra una lechuza, diseño tomado de una antigua pieza ateniense de cuatro dracmas (s. V a.C.).;01 de enero de 2002;Indefinido;El ministro de Economía y Hacienda y el gobernador del Banco de Grecia escogieron los diseños para la cara nacional de las monedas en euros de este país entre varias propuestas presentadas por una comisión técnica y artística. El diseñador de los motivos ganadores, fue el escultor Georges Stamatopoulos, que recibió el patrocinio del Banco de Grecia.;;;
Grecia;2002;2€ Cara Nacional;;La moneda de 2€ representa una escena de un mosaico aparecido en Esparta (s. III d.C.), en la que se muestra el rapto de Europa por Zeus, que ha adoptado la forma de un toro. Europa es un personaje de la mitología griega del que toma el nombre nuestro continente. Grabado del canto (virola) de la moneda de 2€: E??HNIKH ?HMOKPATIA * (República Helénica).;01 de enero de 2002;Indefinido;El ministro de Economía y Hacienda y el gobernador del Banco de Grecia escogieron los diseños para la cara nacional de las monedas en euros de este país entre varias propuestas presentadas por una comisión técnica y artística. El diseñador de los motivos ganadores, fue el escultor Georges Stamatopoulos, que recibió el patrocinio del Banco de Grecia.;;;
Irlanda;2002;1€ Cara Nacional;;En Irlanda, el Gobierno eligió una única cara nacional para todas las denominaciones. El diseño, obra de Jarlath Hayes, representa el arpa céltica, uno de los símbolos tradicionales de Irlanda, decorada con el año de emisión y la palabra «Éire», que significa Irlanda en gaélico.;01 de enero de 2002;Indefinido;;;;
Irlanda;2002;2€ Cara Nacional;;"En Irlanda, el Gobierno eligió una única cara nacional para todas las denominaciones. El diseño, obra de Jarlath Hayes, representa el arpa céltica, uno de los símbolos tradicionales de Irlanda, decorada con el año de emisión y la palabra «Éire», que significa Irlanda en gaélico. 
Grabado del canto (virola) de la moneda de 2€: «2**», repetido seis veces y orientado alternativamente de abajo arriba y de arriba abajo.";01 de enero de 2002;Indefinido;;;;
Italia;2002;1€ Cara Nacional;;La moneda de 1€ reproduce el famoso «Hombre vitruviano» de Leonardo da Vinci, ilustrativo del ideal de proporciones del cuerpo humano, que está expuesto en la Galería de la Academia de Venecia.;01 de enero de 2002;Indefinido;En Italia, el diseño de la cara nacional de las monedas en euros fue sometido al escrutinio de una comisión técnica y artística antes de que se presentara a la nación en RAI UNO, el principal canal de televisión del país. Se eligieron diseños distintos para cada denominación de entre obras maestras de artistas italianos de renombre.;;;
Italia;2002;2€ Cara Nacional;;La moneda de 2€ muestra un retrato de Dante Alighieri realizado por Rafael que se conserva en el ala del papa Julio II del Palacio del Vaticano. Grabado del canto (virola) de la moneda de 2€: «2*», repetido seis veces y orientado alternativamente de abajo arriba y de arriba abajo.;01 de enero de 2002;Indefinido;En Italia, el diseño de la cara nacional de las monedas en euros fue sometido al escrutinio de una comisión técnica y artística antes de que se presentara a la nación en RAI UNO, el principal canal de televisión del país. Se eligieron diseños distintos para cada denominación de entre obras maestras de artistas italianos de renombre. Grabado del canto (virola) de la moneda de 2€: «2*», repetido seis veces y orientado alternativamente de abajo arriba y de arriba abajo.;;;
Letonia;2014;1€ Cara Nacional;;En la moneda de 1€ figura una joven que representa al pueblo. La imagen fue utilizada originalmente en 1929 en la moneda de plata de 5 lats. El diseñador es Guntars Sieti?š.;01 de enero de 2014;Indefinido;;;;
Letonia;2014;2€ Cara Nacional;;En la moneda de 2€ figura una joven que representa al pueblo. La imagen fue utilizada originalmente en 1929 en la moneda de plata de 5 lats. En el canto de la moneda figura la inscripción DIEVS * SV?T? * LATVIJU (DIOS BENDIGA LETONIA). El diseñador es Guntars Sieti?š.;01 de enero de 2014;Indefinido;;;;
Lituania;2015;1€ Cara Nacional;;Las monedas en euros lituanas muestran el escudo de armas de la República de Lituania (conocido como Vytis), el nombre del país de emisión «LIETUVA» y el año de emisión «2015». También figuran las doce estrellas de la bandera europea. El diseño es obra del escultor Antanas Žukauskas.;01 de enero de 2015;Indefinido;;;;
Lituania;2015;2€ Cara Nacional;;Las monedas en euros lituanas muestran el escudo de armas de la República de Lituania (conocido como Vytis), el nombre del país de emisión «LIETUVA» y el año de emisión «2015». También figuran las doce estrellas de la bandera europea. El diseño es obra del escultor Antanas Žukauskas. Grabado del canto (virola) de la moneda de 2€: LAISV? * VIENYB? * GEROV? * (Libertad * Unidad * Bienestar *);01 de enero de 2015;Indefinido;;;;
Luxemburgo;2002;1€ Cara Nacional;;Todas las monedas de Luxemburgo muestran el perfil de su alteza real el gran duque Enrique, e incluyen el año de emisión y el nombre «Luxemburgo» escrito en luxemburgués («Lëtzebuerg»).;01 de enero de 2002;Indefinido;Yvette Gastauer-Claire recibió el encargo de diseñar las monedas tras un acuerdo entre la casa ducal reinante y el Gobierno de Luxemburgo.;;;
Luxemburgo;2002;2€ Cara Nacional;;Todas las monedas de Luxemburgo muestran el perfil de su alteza real el gran duque Enrique, e incluyen el año de emisión y el nombre «Luxemburgo» escrito en luxemburgués («Lëtzebuerg»).;01 de enero de 2002;Indefinido;Yvette Gastauer-Claire recibió el encargo de diseñar las monedas tras un acuerdo entre la casa ducal reinante y el Gobierno de Luxemburgo.;;;
Luxemburgo;2026;1€ Cara Nacional;;En la segunda serie aparece el retrato del gran duque Guillermo —Guillaume—, que accedió al trono el 3 de octubre de 2025.;01 de julio de 2026;Indefinido;La nueva serie, diseñada por Chiara Principe, comenzó a ponerse en circulación el 13 de julio de 2026.;;;
Luxemburgo;2026;2€ Cara Nacional;;En la segunda serie aparece el retrato del gran duque Guillermo —Guillaume—, que accedió al trono el 3 de octubre de 2025.;01 de julio de 2026;Indefinido;La nueva serie, diseñada por Chiara Principe, comenzó a ponerse en circulación el 13 de julio de 2026.;;;
Malta;2008;1€ Cara Nacional;;En las monedas de 1€ y 2€ figura el emblema utilizado por la Soberana Orden de Malta. En el período comprendido entre 1530 y 1798, durante el que Malta permaneció bajo el dominio de la Orden, la cruz de ocho puntas se asoció a la isla y, en la actualidad, se denomina habitualmente Cruz de Malta.;01 de enero de 2008;Indefinido;;;;
Malta;2008;2€ Cara Nacional;;En las monedas de 1€ y 2€ figura el emblema utilizado por la Soberana Orden de Malta. En el período comprendido entre 1530 y 1798, durante el que Malta permaneció bajo el dominio de la Orden, la cruz de ocho puntas se asoció a la isla y, en la actualidad, se denomina habitualmente Cruz de Malta.;01 de enero de 2008;Indefinido;;;;
Mónaco;2002;1€ Cara Nacional;;En la moneda de 1€ aparece un doble retrato de S. A. S. el príncipe Rainiero III y el príncipe heredero Alberto.;01 de enero de 2002;Indefinido;;;;
Mónaco;2002;2€ Cara Nacional;;"La primera serie reproduce en su moneda de 2€ la efigie de S. A. S. el príncipe Rainiero III. 
Grabado del canto (virola) de la moneda de 2€: «2**», repetido seis veces y orientado alternativamente de abajo arriba y de arriba abajo.";01 de enero de 2002;Indefinido;;;;
Mónaco;2006;1€ Cara Nacional;;La segunda serie reproduce en sus monedas de 1€ y 2€ la efigie de S. A. S. el príncipe Alberto II.;01 de enero de 2006;Indefinido;;;;
Mónaco;2006;2€ Cara Nacional;;"La segunda serie reproduce en sus monedas de 1€ y 2€ la efigie de S. A. S. el príncipe Alberto II. 
Grabado del canto (virola) de la moneda de 2€: «2**», repetido seis veces y orientado alternativamente de abajo arriba y de arriba abajo.";01 de enero de 2006;Indefinido;;;;
Mónaco;2025;1€ Cara Nacional;;La tercera serie, introducida en 2025, muestra en sus monedas de 1€ y 2€ un retrato frontal del príncipe Alberto II.;01 de enero de 2025;Indefinido;;;;
Mónaco;2025;2€ Cara Nacional;;La tercera serie, introducida en 2025, muestra en sus monedas de 1€ y 2€ un retrato frontal del príncipe Alberto II.;01 de enero de 2025;Indefinido;;;;
Países Bajos;2002;1€ Cara Nacional;;Primera serie: muestran a la reina Beatriz con la leyenda «Beatrix Koningin der Nederlanden» (reina de los Países Bajos).;01 de enero de 2002;Indefinido;Las caras nacionales de la primera serie de monedas de los Países Bajos muestran dos imágenes diferentes de la reina Beatriz, diseñadas por Bruno Ninaber van Eyben;;;
Países Bajos;2002;2€ Cara Nacional;;"Primera serie: muestran a la reina Beatriz con la leyenda «Beatrix Koningin der Nederlanden» (reina de los Países Bajos). 
Grabado del canto (virola) de la moneda de 2€: GOD * ZIJ * MET * ONS * (Dios sea con nosotros).";01 de enero de 2002;Indefinido;Las caras nacionales de la primera serie de monedas de los Países Bajos muestran dos imágenes diferentes de la reina Beatriz, diseñadas por Bruno Ninaber van Eyben;;;
Países Bajos;2014;1€ Cara Nacional;;Segunda serie: muestran al rey Guillermo Alejandro con la leyenda «Willem-Alexander Koning der Nederlanden» (rey de los Países Bajos). Las marcas de la Fábrica de la Moneda figuran a ambos lados del año de emisión.;01 de enero de 2014;Indefinido;La segunda serie, introducida en 2014, muestra la imagen del rey Guillermo Alejandro y la inscripción «Willem-Alexander Koning der Nederlanden» (rey de los Países Bajos).;;;
Países Bajos;2014;2€ Cara Nacional;;Segunda serie: muestran al rey Guillermo Alejandro con la leyenda «Willem-Alexander Koning der Nederlanden» (rey de los Países Bajos). Las marcas de la Fábrica de la Moneda figuran a ambos lados del año de emisión. Grabado del canto (virola) de la moneda de 2€: GOD * ZIJ * MET * ONS * (Dios sea con nosotros).;01 de enero de 2014;Indefinido;La segunda serie, introducida en 2014, muestra la imagen del rey Guillermo Alejandro y la inscripción «Willem-Alexander Koning der Nederlanden» (rey de los Países Bajos).;;;
Portugal;2002;1€ Cara Nacional;;Las monedas de 1€ y 2€ exhiben castillos y escudos de armas del país, rodeados de las estrellas europeas como símbolo del diálogo, el intercambio de valores y la dinámica de la construcción europea. En el centro figura el sello real de 1144.;01 de enero de 2002;Indefinido;En este país se escogieron los diseños para la cara nacional de las monedas en euros entre las opciones presentadas en un concurso de ámbito nacional. El ganador fue el diseñador Vítor Manuel Fernandes dos Santos, que se inspiró en símbolos tomados de la historia de Portugal y en los sellos del primer rey, Don Afonso Henriques.;;;
Portugal;2002;2€ Cara Nacional;;Las monedas de 1€ y 2€ exhiben castillos y escudos de armas del país, rodeados de las estrellas europeas como símbolo del diálogo, el intercambio de valores y la dinámica de la construcción europea. En el centro figura el sello real de 1144. Grabado del canto (virola) de la moneda de 2€: cinco escudos de armas y siete castillos dispuestos a intervalos regulares.;01 de enero de 2002;Indefinido;En este país se escogieron los diseños para la cara nacional de las monedas en euros entre las opciones presentadas en un concurso de ámbito nacional. El ganador fue el diseñador Vítor Manuel Fernandes dos Santos, que se inspiró en símbolos tomados de la historia de Portugal y en los sellos del primer rey, Don Afonso Henriques.;;;
San Marino;2010;1€ Cara Nacional;;Primera serie: en el motivo de la moneda de 1€ figura el escudo de armas oficial de la República.;01 de enero de 2010;Indefinido;;;;
San Marino;2010;2€ Cara Nacional;;Primera serie: en el motivo figura el edificio del Gobierno (Palazzo Pubblico). Grabado del canto (virola) de la moneda de 2€: «2*», repetido seis veces y orientado alternativamente de abajo arriba y de arriba abajo.;01 de enero de 2010;Indefinido;;;;
San Marino;2017;1€ Cara Nacional;;Segunda serie: en el motivo de la moneda de 1€ aparece la segunda torre.;01 de enero de 2017;Indefinido;;;;
San Marino;2017;2€ Cara Nacional;;Segunda serie: en el motivo figura el retrato de San Marino, detalle de una pintura de Giovan Battista Urbinelli.;01 de enero de 2017;Indefinido;;;;
;;;;;;;;;;
;;;;;;;;;;
;;;;;;;;;;
;;;;;;;;;;
;;;;;;;;;;
;;;;;;;;;;
;;;;;;;;;;
;;;;;;;;;;
;;;;;;;;;;
;;;;;;;;;;
;;;;;;;;;;
;;;;;;;;;;
;;;;;;;;;;
;;;;;;;;;;
;;;;;;;;;;
;;;;;;;;;;
;;;;;;;;;;
;;;;;;;;;;
;;;;;;;;;;
;;;;;;;;;;
;;;;;;;;;;
;;;;;;;;;;
;;;;;;;;;;
;;;;;;;;;;
;;;;;;;;;;
;;;;;;;;;;
;;;;;;;;;;
;;;;;;;;;;
;;;;;;;;;;
;;;;;;;;;;
;;;;;;;;;;
;;;;;;;;;;
;;;;;;;;;;
;;;;;;;;;;
;;;;;;;;;;
;;;;;;;;;;
;;;;;;;;;;
;;;;;;;;;;
;;;;;;;;;;
;;;;;;;;;;
;;;;;;;;;;
;;;;;;;;;;
;;;;;;;;;;
;;;;;;;;;;
;;;;;;;;;;
;;;;;;;;;;
;;;;;;;;;;
;;;;;;;;;;
;;;;;;;;;;
;;;;;;;;;;
;;;;;;;;;;
;;;;;;;;;;
;;;;;;;;;;
;;;;;;;;;;
;;;;;;;;;;
;;;;;;;;;;
;;;;;;;;;;
;;;;;;;;;;
;;;;;;;;;;
;;;;;;;;;;
;;;;;;;;;;
;;;;;;;;;;
;;;;;;;;;;
;;;;;;;;;;
;;;;;;;;;;
;;;;;;;;;;
;;;;;;;;;;
;;;;;;;;;;
;;;;;;;;;;
;;;;;;;;;;
;;;;;;;;;;
;;;;;;;;;;
;;;;;;;;;;
;;;;;;;;;;
;;;;;;;;;;
;;;;;;;;;;
;;;;;;;;;;
;;;;;;;;;;
;;;;;;;;;;
;;;;;;;;;;
;;;;;;;;;;
;;;;;;;;;;
;;;;;;;;;;
;;;;;;;;;;
;;;;;;;;;;
;;;;;;;;;;
;;;;;;;;;;
;;;;;;;;;;
;;;;;;;;;;
;;;;;;;;;;
;;;;;;;;;;
;;;;;;;;;;
;;;;;;;;;;
;;;;;;;;;;
;;;;;;;;;;
;;;;;;;;;;
;;;;;;;;;;
;;;;;;;;;;
;;;;;;;;;;
;;;;;;;;;;
;;;;;;;;;;
;;;;;;;;;;
;;;;;;;;;;
;;;;;;;;;;
;;;;;;;;;;
;;;;;;;;;;
;;;;;;;;;;
;;;;;;;;;;
;;;;;;;;;;
;;;;;;;;;;
;;;;;;;;;;
;;;;;;;;;;
;;;;;;;;;;
;;;;;;;;;;
;;;;;;;;;;
;;;;;;;;;;
;;;;;;;;;;
;;;;;;;;;;
;;;;;;;;;;
;;;;;;;;;;
;;;;;;;;;;
;;;;;;;;;;
;;;;;;;;;;
;;;;;;;;;;
;;;;;;;;;;
;;;;;;;;;;
;;;;;;;;;;
;;;;;;;;;;
;;;;;;;;;;
;;;;;;;;;;
;;;;;;;;;;
;;;;;;;;;;
;;;;;;;;;;
;;;;;;;;;;
;;;;;;;;;;
;;;;;;;;;;
;;;;;;;;;;
;;;;;;;;;;
;;;;;;;;;;
;;;;;;;;;;
;;;;;;;;;;
;;;;;;;;;;
;;;;;;;;;;
;;;;;;;;;;
;;;;;;;;;;
;;;;;;;;;;
;;;;;;;;;;
;;;;;;;;;;
;;;;;;;;;;
;;;;;;;;;;
;;;;;;;;;;
;;;;;;;;;;
;;;;;;;;;;
;;;;;;;;;;
;;;;;;;;;;
;;;;;;;;;;
;;;;;;;;;;
;;;;;;;;;;
;;;;;;;;;;
;;;;;;;;;;
;;;;;;;;;;
;;;;;;;;;;
;;;;;;;;;;
;;;;;;;;;;
;;;;;;;;;;
;;;;;;;;;;
;;;;;;;;;;
;;;;;;;;;;
;;;;;;;;;;
;;;;;;;;;;
;;;;;;;;;;
;;;;;;;;;;
;;;;;;;;;;
;;;;;;;;;;
;;;;;;;;;;
;;;;;;;;;;
;;;;;;;;;;
;;;;;;;;;;
;;;;;;;;;;
;;;;;;;;;;
;;;;;;;;;;
;;;;;;;;;;
;;;;;;;;;;
;;;;;;;;;;
;;;;;;;;;;
;;;;;;;;;;
;;;;;;;;;;
;;;;;;;;;;
;;;;;;;;;;
;;;;;;;;;;
;;;;;;;;;;
;;;;;;;;;;
;;;;;;;;;;
;;;;;;;;;;
;;;;;;;;;;
;;;;;;;;;;
;;;;;;;;;;
;;;;;;;;;;
;;;;;;;;;;
;;;;;;;;;;
;;;;;;;;;;
;;;;;;;;;;
;;;;;;;;;;
;;;;;;;;;;
;;;;;;;;;;
;;;;;;;;;;
;;;;;;;;;;
;;;;;;;;;;
;;;;;;;;;;
;;;;;;;;;;
;;;;;;;;;;
;;;;;;;;;;
;;;;;;;;;;
;;;;;;;;;;
;;;;;;;;;;
;;;;;;;;;;
;;;;;;;;;;
;;;;;;;;;;
;;;;;;;;;;
;;;;;;;;;;
;;;;;;;;;;
;;;;;;;;;;
;;;;;;;;;;
;;;;;;;;;;
;;;;;;;;;;
;;;;;;;;;;
;;;;;;;;;;
;;;;;;;;;;
;;;;;;;;;;
;;;;;;;;;;
;;;;;;;;;;
;;;;;;;;;;
;;;;;;;;;;
;;;;;;;;;;
;;;;;;;;;;
;;;;;;;;;;
;;;;;;;;;;
;;;;;;;;;;
;;;;;;;;;;
;;;;;;;;;;
;;;;;;;;;;
;;;;;;;;;;
;;;;;;;;;;
;;;;;;;;;;
;;;;;;;;;;
;;;;;;;;;;
;;;;;;;;;;
;;;;;;;;;;
;;;;;;;;;;
;;;;;;;;;;
;;;;;;;;;;
;;;;;;;;;;
;;;;;;;;;;
;;;;;;;;;;
;;;;;;;;;;
;;;;;;;;;;
;;;;;;;;;;
;;;;;;;;;;
;;;;;;;;;;
;;;;;;;;;;
;;;;;;;;;;
;;;;;;;;;;
;;;;;;;;;;
;;;;;;;;;;
;;;;;;;;;;
;;;;;;;;;;
;;;;;;;;;;
;;;;;;;;;;
;;;;;;;;;;
;;;;;;;;;;
;;;;;;;;;;
;;;;;;;;;;
;;;;;;;;;;
;;;;;;;;;;
;;;;;;;;;;
;;;;;;;;;;
;;;;;;;;;;
;;;;;;;;;;
;;;;;;;;;;
;;;;;;;;;;
;;;;;;;;;;
;;;;;;;;;;
;;;;;;;;;;
;;;;;;;;;;
;;;;;;;;;;
;;;;;;;;;;
;;;;;;;;;;
;;;;;;;;;;
;;;;;;;;;;
;;;;;;;;;;
;;;;;;;;;;
;;;;;;;;;;
;;;;;;;;;;
;;;;;;;;;;
;;;;;;;;;;
;;;;;;;;;;
;;;;;;;;;;
;;;;;;;;;;
;;;;;;;;;;
;;;;;;;;;;
;;;;;;;;;;
;;;;;;;;;;
;;;;;;;;;;
;;;;;;;;;;
;;;;;;;;;;
;;;;;;;;;;
;;;;;;;;;;
;;;;;;;;;;
;;;;;;;;;;
;;;;;;;;;;
;;;;;;;;;;
;;;;;;;;;;
;;;;;;;;;;
;;;;;;;;;;
;;;;;;;;;;
;;;;;;;;;;
;;;;;;;;;;
;;;;;;;;;;
;;;;;;;;;;
;;;;;;;;;;
;;;;;;;;;;
;;;;;;;;;;
;;;;;;;;;;
;;;;;;;;;;
;;;;;;;;;;
;;;;;;;;;;
;;;;;;;;;;
;;;;;;;;;;
;;;;;;;;;;
;;;;;;;;;;
;;;;;;;;;;
;;;;;;;;;;
;;;;;;;;;;
;;;;;;;;;;
;;;;;;;;;;
;;;;;;;;;;
;;;;;;;;;;
;;;;;;;;;;
;;;;;;;;;;
;;;;;;;;;;
;;;;;;;;;;
;;;;;;;;;;
;;;;;;;;;;
;;;;;;;;;;
;;;;;;;;;;
;;;;;;;;;;
;;;;;;;;;;
;;;;;;;;;;
;;;;;;;;;;
;;;;;;;;;;
;;;;;;;;;;
;;;;;;;;;;
;;;;;;;;;;
;;;;;;;;;;
;;;;;;;;;;
;;;;;;;;;;
;;;;;;;;;;
;;;;;;;;;;
;;;;;;;;;;
;;;;;;;;;;
;;;;;;;;;;
;;;;;;;;;;
;;;;;;;;;;
;;;;;;;;;;
;;;;;;;;;;
;;;;;;;;;;
;;;;;;;;;;
;;;;;;;;;;
;;;;;;;;;;
;;;;;;;;;;
;;;;;;;;;;
;;;;;;;;;;
;;;;;;;;;;
;;;;;;;;;;
;;;;;;;;;;
;;;;;;;;;;
;;;;;;;;;;
;;;;;;;;;;
;;;;;;;;;;
;;;;;;;;;;
;;;;;;;;;;
;;;;;;;;;;
;;;;;;;;;;
;;;;;;;;;;
;;;;;;;;;;
;;;;;;;;;;
;;;;;;;;;;
;;;;;;;;;;
;;;;;;;;;;
;;;;;;;;;;
;;;;;;;;;;
;;;;;;;;;;
;;;;;;;;;;
;;;;;;;;;;
;;;;;;;;;;
;;;;;;;;;;
;;;;;;;;;;
;;;;;;;;;;
;;;;;;;;;;
;;;;;;;;;;
;;;;;;;;;;
;;;;;;;;;;
;;;;;;;;;;
;;;;;;;;;;
;;;;;;;;;;
;;;;;;;;;;
;;;;;;;;;;
;;;;;;;;;;
;;;;;;;;;;
;;;;;;;;;;
;;;;;;;;;;
;;;;;;;;;;
;;;;;;;;;;
;;;;;;;;;;
;;;;;;;;;;
;;;;;;;;;;
;;;;;;;;;;
;;;;;;;;;;
;;;;;;;;;;
;;;;;;;;;;
;;;;;;;;;;
;;;;;;;;;;
;;;;;;;;;;
;;;;;;;;;;
;;;;;;;;;;
;;;;;;;;;;
;;;;;;;;;;
;;;;;;;;;;
;;;;;;;;;;
;;;;;;;;;;
;;;;;;;;;;
;;;;;;;;;;
;;;;;;;;;;
;;;;;;;;;;
;;;;;;;;;;
;;;;;;;;;;
;;;;;;;;;;
;;;;;;;;;;
;;;;;;;;;;
;;;;;;;;;;
;;;;;;;;;;
;;;;;;;;;;
;;;;;;;;;;
;;;;;;;;;;
;;;;;;;;;;
;;;;;;;;;;
;;;;;;;;;;
;;;;;;;;;;
;;;;;;;;;;
;;;;;;;;;;
;;;;;;;;;;
;;;;;;;;;;
;;;;;;;;;;
;;;;;;;;;;
;;;;;;;;;;
;;;;;;;;;;
;;;;;;;;;;
;;;;;;;;;;
;;;;;;;;;;
;;;;;;;;;;
;;;;;;;;;;
;;;;;;;;;;
;;;;;;;;;;
;;;;;;;;;;
;;;;;;;;;;
;;;;;;;;;;
;;;;;;;;;;
;;;;;;;;;;
;;;;;;;;;;
;;;;;;;;;;
;;;;;;;;;;
;;;;;;;;;;
;;;;;;;;;;
;;;;;;;;;;
;;;;;;;;;;
;;;;;;;;;;
;;;;;;;;;;
;;;;;;;;;;
;;;;;;;;;;
;;;;;;;;;;
;;;;;;;;;;
;;;;;;;;;;
;;;;;;;;;;
;;;;;;;;;;
;;;;;;;;;;
;;;;;;;;;;
;;;;;;;;;;
;;;;;;;;;;
;;;;;;;;;;
;;;;;;;;;;
;;;;;;;;;;
;;;;;;;;;;
;;;;;;;;;;
;;;;;;;;;;
;;;;;;;;;;
;;;;;;;;;;
;;;;;;;;;;
;;;;;;;;;;
;;;;;;;;;;
;;;;;;;;;;
;;;;;;;;;;
;;;;;;;;;;
;;;;;;;;;;
;;;;;;;;;;
;;;;;;;;;;
;;;;;;;;;;
;;;;;;;;;;
;;;;;;;;;;
;;;;;;;;;;
;;;;;;;;;;
;;;;;;;;;;
;;;;;;;;;;
;;;;;;;;;;
;;;;;;;;;;
;;;;;;;;;;
;;;;;;;;;;
;;;;;;;;;;
;;;;;;;;;;
;;;;;;;;;;
;;;;;;;;;;
;;;;;;;;;;
;;;;;;;;;;
;;;;;;;;;;
;;;;;;;;;;
;;;;;;;;;;
;;;;;;;;;;
;;;;;;;;;;
;;;;;;;;;;
;;;;;;;;;;
;;;;;;;;;;
;;;;;;;;;;
;;;;;;;;;;
;;;;;;;;;;
;;;;;;;;;;
;;;;;;;;;;
;;;;;;;;;;
;;;;;;;;;;
;;;;;;;;;;
;;;;;;;;;;
;;;;;;;;;;
;;;;;;;;;;
;;;;;;;;;;
;;;;;;;;;;
;;;;;;;;;;
;;;;;;;;;;
;;;;;;;;;;
;;;;;;;;;;
;;;;;;;;;;
;;;;;;;;;;
;;;;;;;;;;
;;;;;;;;;;
;;;;;;;;;;
;;;;;;;;;;
;;;;;;;;;;
;;;;;;;;;;
;;;;;;;;;;
;;;;;;;;;;
;;;;;;;;;;
;;;;;;;;;;
;;;;;;;;;;
;;;;;;;;;;
;;;;;;;;;;
;;;;;;;;;;
;;;;;;;;;;
;;;;;;;;;;
;;;;;;;;;;
;;;;;;;;;;
;;;;;;;;;;
;;;;;;;;;;
;;;;;;;;;;
;;;;;;;;;;
;;;;;;;;;;
;;;;;;;;;;
;;;;;;;;;;
;;;;;;;;;;
;;;;;;;;;;
;;;;;;;;;;
;;;;;;;;;;
;;;;;;;;;;
;;;;;;;;;;
;;;;;;;;;;
;;;;;;;;;;
;;;;;;;;;;
;;;;;;;;;;
;;;;;;;;;;
;;;;;;;;;;
;;;;;;;;;;
;;;;;;;;;;
;;;;;;;;;;
;;;;;;;;;;
;;;;;;;;;;
;;;;;;;;;;
;;;;;;;;;;
;;;;;;;;;;
;;;;;;;;;;
;;;;;;;;;;
;;;;;;;;;;
;;;;;;;;;;
;;;;;;;;;;
;;;;;;;;;;
;;;;;;;;;;
;;;;;;;;;;
;;;;;;;;;;
;;;;;;;;;;
;;;;;;;;;;
;;;;;;;;;;
;;;;;;;;;;
;;;;;;;;;;
;;;;;;;;;;
;;;;;;;;;;
;;;;;;;;;;
;;;;;;;;;;
;;;;;;;;;;
;;;;;;;;;;
;;;;;;;;;;
;;;;;;;;;;
;;;;;;;;;;
;;;;;;;;;;
;;;;;;;;;;
;;;;;;;;;;
;;;;;;;;;;
;;;;;;;;;;
;;;;;;;;;;
;;;;;;;;;;
;;;;;;;;;;
;;;;;;;;;;
;;;;;;;;;;
;;;;;;;;;;
;;;;;;;;;;
;;;;;;;;;;
;;;;;;;;;;
;;;;;;;;;;
;;;;;;;;;;
;;;;;;;;;;
;;;;;;;;;;
;;;;;;;;;;
;;;;;;;;;;
;;;;;;;;;;
;;;;;;;;;;
;;;;;;;;;;
;;;;;;;;;;
;;;;;;;;;;
;;;;;;;;;;
;;;;;;;;;;
;;;;;;;;;;
;;;;;;;;;;
;;;;;;;;;;
;;;;;;;;;;
;;;;;;;;;;
;;;;;;;;;;
;;;;;;;;;;
;;;;;;;;;;
;;;;;;;;;;
;;;;;;;;;;
;;;;;;;;;;
;;;;;;;;;;
;;;;;;;;;;
;;;;;;;;;;
;;;;;;;;;;
;;;;;;;;;;
;;;;;;;;;;
;;;;;;;;;;
;;;;;;;;;;
;;;;;;;;;;
;;;;;;;;;;
;;;;;;;;;;
;;;;;;;;;;
;;;;;;;;;;
;;;;;;;;;;
;;;;;;;;;;
;;;;;;;;;;
;;;;;;;;;;
;;;;;;;;;;
;;;;;;;;;;
;;;;;;;;;;
;;;;;;;;;;
;;;;;;;;;;
;;;;;;;;;;
;;;;;;;;;;
;;;;;;;;;;
;;;;;;;;;;
;;;;;;;;;;
;;;;;;;;;;
;;;;;;;;;;
;;;;;;;;;;
;;;;;;;;;;
;;;;;;;;;;
;;;;;;;;;;
;;;;;;;;;;
;;;;;;;;;;
;;;;;;;;;;
;;;;;;;;;;
;;;;;;;;;;
;;;;;;;;;;
;;;;;;;;;;
;;;;;;;;;;
;;;;;;;;;;
;;;;;;;;;;
;;;;;;;;;;
;;;;;;;;;;
;;;;;;;;;;
;;;;;;;;;;
;;;;;;;;;;
;;;;;;;;;;
;;;;;;;;;;
;;;;;;;;;;
;;;;;;;;;;
;;;;;;;;;;
;;;;;;;;;;
;;;;;;;;;;
;;;;;;;;;;
;;;;;;;;;;
;;;;;;;;;;
;;;;;;;;;;
;;;;;;;;;;
;;;;;;;;;;
;;;;;;;;;;
;;;;;;;;;;
;;;;;;;;;;
;;;;;;;;;;
;;;;;;;;;;
;;;;;;;;;;
;;;;;;;;;;
;;;;;;;;;;
;;;;;;;;;;
;;;;;;;;;;
;;;;;;;;;;
;;;;;;;;;;
;;;;;;;;;;
;;;;;;;;;;
;;;;;;;;;;
;;;;;;;;;;
;;;;;;;;;;
;;;;;;;;;;
;;;;;;;;;;
;;;;;;;;;;
;;;;;;;;;;
;;;;;;;;;;
;;;;;;;;;;
;;;;;;;;;;
;;;;;;;;;;
;;;;;;;;;;
;;;;;;;;;;
;;;;;;;;;;
;;;;;;;;;;
;;;;;;;;;;
;;;;;;;;;;
;;;;;;;;;;
;;;;;;;;;;
;;;;;;;;;;
;;;;;;;;;;
;;;;;;;;;;
;;;;;;;;;;
;;;;;;;;;;
;;;;;;;;;;
;;;;;;;;;;
;;;;;;;;;;
;;;;;;;;;;
;;;;;;;;;;
;;;;;;;;;;
;;;;;;;;;;
;;;;;;;;;;
;;;;;;;;;;
;;;;;;;;;;
;;;;;;;;;;
;;;;;;;;;;
;;;;;;;;;;
;;;;;;;;;;
;;;;;;;;;;
;;;;;;;;;;
;;;;;;;;;;
;;;;;;;;;;
;;;;;;;;;;
;;;;;;;;;;
;;;;;;;;;;
;;;;;;;;;;
;;;;;;;;;;
;;;;;;;;;;
;;;;;;;;;;
;;;;;;;;;;
;;;;;;;;;;
;;;;;;;;;;
;;;;;;;;;;
;;;;;;;;;;
;;;;;;;;;;
;;;;;;;;;;
;;;;;;;;;;
;;;;;;;;;;
;;;;;;;;;;
;;;;;;;;;;
;;;;;;;;;;
;;;;;;;;;;
;;;;;;;;;;
;;;;;;;;;;
;;;;;;;;;;
;;;;;;;;;;
;;;;;;;;;;
;;;;;;;;;;
;;;;;;;;;;
;;;;;;;;;;
;;;;;;;;;;
;;;;;;;;;;
;;;;;;;;;;
;;;;;;;;;;
;;;;;;;;;;
;;;;;;;;;;
;;;;;;;;;;
;;;;;;;;;;
;;;;;;;;;;
;;;;;;;;;;
;;;;;;;;;;
;;;;;;;;;;
;;;;;;;;;;
;;;;;;;;;;
;;;;;;;;;;
;;;;;;;;;;
;;;;;;;;;;
;;;;;;;;;;
;;;;;;;;;;
;;;;;;;;;;
;;;;;;;;;;
;;;;;;;;;;
;;;;;;;;;;
;;;;;;;;;;
;;;;;;;;;;
;;;;;;;;;;
;;;;;;;;;;
;;;;;;;;;;
;;;;;;;;;;
;;;;;;;;;;
;;;;;;;;;;
;;;;;;;;;;
;;;;;;;;;;
;;;;;;;;;;
;;;;;;;;;;
;;;;;;;;;;
;;;;;;;;;;
;;;;;;;;;;
;;;;;;;;;;
;;;;;;;;;;
;;;;;;;;;;
;;;;;;;;;;
;;;;;;;;;;
;;;;;;;;;;
;;;;;;;;;;
;;;;;;;;;;
;;;;;;;;;;
;;;;;;;;;;
;;;;;;;;;;
;;;;;;;;;;
;;;;;;;;;;
;;;;;;;;;;
;;;;;;;;;;
;;;;;;;;;;
;;;;;;;;;;
;;;;;;;;;;
;;;;;;;;;;
;;;;;;;;;;
;;;;;;;;;;
;;;;;;;;;;
;;;;;;;;;;
;;;;;;;;;;
;;;;;;;;;;
;;;;;;;;;;
;;;;;;;;;;
;;;;;;;;;;
;;;;;;;;;;
;;;;;;;;;;
;;;;;;;;;;
;;;;;;;;;;
;;;;;;;;;;
;;;;;;;;;;
;;;;;;;;;;
;;;;;;;;;;
;;;;;;;;;;
;;;;;;;;;;
;;;;;;;;;;
;;;;;;;;;;
;;;;;;;;;;
;;;;;;;;;;
;;;;;;;;;;
;;;;;;;;;;
;;;;;;;;;;
;;;;;;;;;;
;;;;;;;;;;
;;;;;;;;;;
;;;;;;;;;;
;;;;;;;;;;
;;;;;;;;;;
;;;;;;;;;;
;;;;;;;;;;
;;;;;;;;;;
;;;;;;;;;;
;;;;;;;;;;
;;;;;;;;;;
;;;;;;;;;;
;;;;;;;;;;
;;;;;;;;;;
;;;;;;;;;;
;;;;;;;;;;
;;;;;;;;;;
;;;;;;;;;;
;;;;;;;;;;
;;;;;;;;;;
;;;;;;;;;;
;;;;;;;;;;
;;;;;;;;;;
;;;;;;;;;;
;;;;;;;;;;
;;;;;;;;;;
;;;;;;;;;;
;;;;;;;;;;
;;;;;;;;;;
;;;;;;;;;;
;;;;;;;;;;
;;;;;;;;;;
;;;;;;;;;;
;;;;;;;;;;
;;;;;;;;;;
;;;;;;;;;;
;;;;;;;;;;
;;;;;;;;;;
;;;;;;;;;;
;;;;;;;;;;
;;;;;;;;;;
;;;;;;;;;;
;;;;;;;;;;
